Workbook

Sheet Client_Payments
A1: Date | B1: Client Name | C1: Client Type | D1: Payment Type | E1: Amount | F1: Subscription Plan (if online) | G1: Package (if in-person) | H1: Notes | I1: Month
I2: =IF(A2="","",TEXT(A2,"MMMM YYYY"))
I3: =IF(A3="","",TEXT(A3,"MMMM YYYY"))
I4: =IF(A4="","",TEXT(A4,"MMMM YYYY"))
I5: =IF(A5="","",TEXT(A5,"MMMM YYYY"))
I6: =IF(A6="","",TEXT(A6,"MMMM YYYY"))
I7: =IF(A7="","",TEXT(A7,"MMMM YYYY"))
I8: =IF(A8="","",TEXT(A8,"MMMM YYYY"))
I9: =IF(A9="","",TEXT(A9,"MMMM YYYY"))
I10: =IF(A10="","",TEXT(A10,"MMMM YYYY"))
I11: =IF(A11="","",TEXT(A11,"MMMM YYYY"))
I12: =IF(A12="","",TEXT(A12,"MMMM YYYY"))
I13: =IF(A13="","",TEXT(A13,"MMMM YYYY"))
... I301: =IF(A301="","",TEXT(A301,"MMMM YYYY"))

Sheet Client Payments Dashboard
A2: Total Clients: | B2: {=IFERROR(ROWS(_xlfn.UNIQUE(_xlfn._xlws.FILTER(Client_Payments!B2:B1000, LEN(TRIM(Client_Payments!B2:B1000))>0))),0)} -> 0
A4: Total Income: | B4: =SUM(Client_Payments!E:E) -> 0
A6: Online Income | B6: =SUMIFS(Client_Payments!E:E,Client_Payments!C:C,"Online") -> 0
A7: In-Person Income | B7: =SUMIFS(Client_Payments!E:E,Client_Payments!C:C,"In-Person") -> 0
A10: Month | B10: Income
A11: 46023 | B11: =IFERROR(SUMIFS(Client_Payments!E:E, Client_Payments!I:I, A11),0) -> 0
A12: 46054 | B12: =IFERROR(SUMIFS(Client_Payments!E:E, Client_Payments!I:I, A12),0) -> 0
A13: 46082 | B13: =IFERROR(SUMIFS(Client_Payments!E:E, Client_Payments!I:I, A13),0) -> 0
A14: 46113 | B14: =IFERROR(SUMIFS(Client_Payments!E:E, Client_Payments!I:I, A14),0) -> 0
A15: 46143 | B15: =IFERROR(SUMIFS(Client_Payments!E:E, Client_Payments!I:I, A15),0) -> 0
A16: 46174 | B16: =IFERROR(SUMIFS(Client_Payments!E:E, Client_Payments!I:I, A16),0) -> 0
A17: 46204 | B17: =IFERROR(SUMIFS(Client_Payments!E:E, Client_Payments!I:I, A17),0) -> 0
A18: 46235 | B18: =IFERROR(SUMIFS(Client_Payments!E:E, Client_Payments!I:I, A18),0) -> 0
A19: 46266 | B19: =IFERROR(SUMIFS(Client_Payments!E:E, Client_Payments!I:I, A19),0) -> 0 | D19: Client Type | E19: Total Income
A20: 46296 | B20: =IFERROR(SUMIFS(Client_Payments!E:E, Client_Payments!I:I, A20),0) -> 0 | D20: Online | E20: =IF(COUNT(Client_Payments!E2:E1000)=0,0, SUMIFS(Client_Payments!E:E, Client_Payments!C:C, "Online")) -> 0
A21: 46327 | B21: =IFERROR(SUMIFS(Client_Payments!E:E, Client_Payments!I:I, A21),0) -> 0 | D21: In-Person | E21: =IF(COUNT(Client_Payments!E2:E1000)=0,0, SUMIFS(Client_Payments!E:E, Client_Payments!C:C, "In-Person")) -> 0
A22: 46357 | B22: =IFERROR(SUMIFS(Client_Payments!E:E, Client_Payments!I:I, A22),0) -> 0
B23: =IFERROR(SUMIFS(Client_Payments!E:E, Client_Payments!I:I, A23),0) -> 0
